<OAI-PMH xmlns="http://www.openarchives.org/OAI/2.0/"
         xmlns:xsi="http://www.w3.org/2001/XMLSchema-instance"
         xsi:schemaLocation="http://www.openarchives.org/OAI/2.0/
         http://www.openarchives.org/OAI/2.0/OAI-PMH.xsd">
    <header>
        <datestamp>2024-11-08</datestamp>
        <setSpec>SPDR Dow Jones REIT ETF Stock Data</setSpec>
    </header>
    <metadata>
        <oai_dc:dc
                xmlns:oai_dc="http://www.openarchives.org/OAI/2.0/oai_dc/"
                xmlns:dc="http://purl.org/dc/elements/1.1/"
                xmlns:xsi="http://www.w3.org/2001/XMLSchema-instance"
                xsi:schemaLocation="http://www.openarchives.org/OAI/2.0/oai_dc/
     http://www.openarchives.org/OAI/2.0/oai_dc.xsd">
            <dc:title>SPDR Dow Jones REIT ETF
            </dc:title>
            <dc:creator>Yahoo Finance</dc:creator>
            <dc:subject>Stock Performance --History</dc:subject>
            <dc:description>The data was sourced from "Yahoo Finance" by using their API in an advertent way by using a popular opensource Python Package.
            </dc:description>
            <dc:date>2024-10-02</dc:date>
            <dc:type>Dataset</dc:type>
            <dc:identifier>https://github.com/amrevr/Metadata_Covid_and_Stocks/blob/main/Stock%20Data/RWR_historical_data.csv</dc:identifier>
        </oai_dc:dc>
    </metadata>
    <about>
        <provenance
                xmlns="http://www.openarchives.org/OAI/2.0/provenance"
                xmlns:xsi="http://www.w3.org/2001/XMLSchema-instance"
                xsi:schemaLocation="http://www.openarchives.org/OAI/2.0/provenance
      http://www.openarchives.org/OAI/2.0/provenance.xsd">
            <originDescription harvestDate="2024-10-02T12:00:00Z" altered="true">
                <baseURL>https://github.com/amrevr/Metadata_Covid_and_Stocks/blob/main/Stock%20Data/y_finance.py</baseURL>
                <datestamp>2024-11-08</datestamp>
                <metadataNamespace>http://www.openarchives.org/OAI/2.0/oai_dc/</metadataNamespace>
            </originDescription>
        </provenance>
    </about>
</OAI-PMH>