Year,Place,Player,Score,Notes
2023 - 24,1,Scottie Sheffler,-1,
2023 - 24,2,Ludvid Aberg,-2,
2023 - 24,3,Tommy Fleetwood,0,Even
2023 - 24,3,Collin Morikawa,-3,
2023 - 24,3,Max Homa,1,
2018 - 19,1,Tiger Woods,-5,
2018 - 19,2,Dustin Johnson,-2,
2018 - 19,2,Brooks Koepka,-3,
2018 - 19,2,Xander Schauffele,-2,
2018 - 19,5,Tony Finau,-8,
2018 - 19,5,Webb Simpson,-8,
2018 - 19,5,Jason Day,1,
2018 - 19,5,Francesco Molinari,-6,
2013 - 14,1,Bubba Watson,2,
2013 - 14,2,Jordan Spieth,-2,
2013 - 14,2,Jonas Blixt,-1,
2013 - 14,4,Miguel Angel Jimenez,-6,
2013 - 14,5,Rickie Fowler,-5,
2013 - 14,5,Matt Kuchar,-4,
2008 - 09,1,Angel Cabrera,-3,
2008 - 09,2,Kenny Perry,-2,
2008 - 09,2,Chad Campbell,0,Even
2008 - 09,4,Shingo Katayama,-2,
2008 - 09,5,Phil Mickelson,-1,
2003 - 04,1,Phil Mickelson,-3,
2003 - 04,2,Ernie Els,-1,
2003 - 04,3,K. J. Choi,0,Even
2003 - 04,4,Sergio Garcia,-3,
2003 - 04,4,Bernhard Langer,3,