Year,Place,Player,Score,Notes
2023 - 24,1,Scottie Sheffler,-4,
2023 - 24,2,Ludvid Aberg,-3,
2023 - 24,3,Tommy Fleetwood,-3,
2023 - 24,3,Collin Morikawa,2,
2023 - 24,3,Max Homa,1,
2018 - 19,1,Tiger Woods,-2,
2018 - 19,2,Dustin Johnson,-4,
2018 - 19,2,Brooks Koepka,-2,
2018 - 19,2,Xander Schauffele,-4,
2018 - 19,5,Tony Finau,0,Even
2018 - 19,5,Webb Simpson,2,
2018 - 19,5,Jason Day,-5,
2018 - 19,5,Francesco Molinari,2,
2013 - 14,1,Bubba Watson,-3,
2013 - 14,2,Jordan Spieth,0,Even
2013 - 14,2,Jonas Blixt,-1,
2013 - 14,4,Miguel Angel Jimenez,-1,
2013 - 14,5,Rickie Fowler,1,
2013 - 14,5,Matt Kuchar,2,
2008 - 09,1,Angel Cabrera,-1,
2008 - 09,2,Kenny Perry,-1,
2008 - 09,2,Chad Campbell,-3,
2008 - 09,4,Shingo Katayama,-4,
2008 - 09,5,Phil Mickelson,-5,
2003 - 04,1,Phil Mickelson,-3,
2003 - 04,2,Ernie Els,-5,
2003 - 04,3,K. J. Choi,-3,
2003 - 04,4,Sergio Garcia,0,Even
2003 - 04,4,Bernhard Langer,-6,